alpha,Tf,mean,median,std,t005,t095
0.4,3.0,3.426259258573388e6,3.395414e6,1.7884484103341014e6,727573.6000000001,6.412618299999997e6
