nx,Tf,mean
16.0,4.0,5.02291311e7
32.0,4.0,2.442221537142857e8
64.0,4.0,9.037320755e8
128.0,4.0,4.8177670045e9
16.0,8.0,8.905675543859649e7
32.0,8.0,3.14563902625e8
64.0,8.0,1.268630677e9
128.0,8.0,3.457442828e9
16.0,16.0,1.654175284516129e8
32.0,16.0,5.547242322e8
64.0,16.0,2.2519784875e9
128.0,16.0,7.6214380965e9
16.0,32.0,2.46880044e8
32.0,32.0,1.34418813425e9
64.0,32.0,4.270804568e9
128.0,32.0,1.9401060859e10
